region_id,cluster,latitude,longitude,mean_cases,outbreak_rate,population,cases_per_capita,monsoon_ratio
1,0,19.077797,72.881227,11.164969228255542,0.11072381678557813,2104902,0.5063703161526246,0.5350461705064853
2,0,19.061711,72.885799,16.568022211334313,0.13092710544939845,3027150,0.5298121999691192,0.5484771915528407
3,1,28.667742,77.239164,25.674456610557282,0.10404750231519311,4838283,0.5199065466794285,0.508693908641289
4,0,28.646141,77.226238,23.83259767860062,0.10092093073946924,4287433,0.5432014045251659,0.5267209782486916
5,-1,12.97436,77.574557,11.279904045360375,0.10287863918874714,2133306,0.5050765119227001,0.534662174898621
6,0,12.980104,77.578451,14.550846996023749,0.11819815894111879,2917034,0.4822897917631604,0.5328479448978064
7,0,12.96286,77.579567,23.17247396259338,0.10545831288510824,4525049,0.5010211559400426,0.5302415986408164
8,-1,17.377755,78.462337,25.311118370902754,0.1053577262332571,4725812,0.5244944969033761,0.555008443311499
9,0,17.378606,78.457469,19.743199781956935,0.11092940855819024,3759593,0.511535796182575,0.5232971644716862
10,0,23.019787,72.596744,11.686528921114322,0.1010194624652456,2027257,0.5493708057425276,0.5092481585318636
11,0,23.019773,72.605793,14.91250817171497,0.10465242972325126,2669659,0.5384239782484043,0.5256689864284801
12,0,23.020454,72.587215,19.382638585770405,0.10644914884329987,3427114,0.5495325239209847,0.5284338176925285
13,0,13.096065,80.266262,18.202518534670737,0.11660488443087658,3411779,0.5183275637410765,0.5197210009942859
14,0,13.115623,80.290406,18.967898408545892,0.11865053411816001,3593530,0.5135439107993137,0.5352820495138266
15,0,22.570015,88.364754,23.462254901960783,0.09956427015250545,4532210,0.5065024017037393,0.5404301155146157
16,-1,22.552539,88.347207,11.18042613481554,0.10424500027246472,2182244,0.48988741496595195,0.5364497277906937
17,0,22.558024,88.373611,22.334969191340857,0.11521893233000709,4249103,0.5135534658834444,0.5368943511018013
18,0,21.184634,72.831574,12.908278380293204,0.10856177448362309,2330511,0.5310931890574947,0.5223195626015917
19,1,21.189171,72.836347,25.791500953418687,0.12530645600653773,4636706,0.5445028877329242,0.5289710268607786
20,0,21.201761,72.839107,18.99526066350711,0.11510595413193878,3516807,0.5251942020546606,0.5063192399131624
21,2,18.506982,73.850712,10.020751633986928,0.0644880174291939,1977594,0.48232482544649863,0.5542716135274103
22,2,18.496948,73.871845,3.862718414893038,0.06014914811387513,667335,0.5033940084699692,0.5519073319899103
23,2,18.502975,73.837407,7.145147219193021,0.059923664122137406,1450870,0.4607186430321704,0.5559014979815786
24,2,26.932142,75.792258,6.6651223633291545,0.06360712923093693,1245056,0.4955274994743085,0.5576926222134995
25,2,26.925045,75.778133,9.742250068101335,0.06303459547807137,1933503,0.47908707624730995,0.5374175148193714
26,2,26.942052,75.792883,5.393458708094848,0.05990733169801036,1013405,0.48441121677151155,0.5533433053040103
27,2,26.425934,80.362079,9.209218698921216,0.06854091751116922,1842176,0.474170142094291,0.5361806101983707
28,2,26.443949,80.365387,3.4869475175758895,0.06981306883208895,617310,0.4861144439051302,0.5237016082396887
29,2,26.461935,80.355107,6.7361572385256165,0.06157782980345184,1341303,0.46736579598638295,0.5346497041802722
30,2,19.024971,73.026976,8.51155061566961,0.06723330064291162,1689462,0.4756485812869795,0.550108179385746
31,2,19.024683,73.008294,7.711345818815331,0.06173780487804878,1546963,0.468216093428652,0.5374568457318752
32,2,19.044332,73.033193,4.359572612298299,0.06012865242040994,792826,0.48828916410345347,0.5289660260337864
33,2,26.831334,80.930829,7.482214948172395,0.06786688488816148,1398490,0.49931697563363087,0.5625154939846883
34,2,26.859858,80.925763,4.330246745465439,0.0629663925050384,790102,0.48648882324334064,0.5269811320754717
35,2,26.828749,80.918215,3.96041439476554,0.0712649945474373,729950,0.47718710702639194,0.5292902870516969
36,2,21.165416,79.080531,6.903830436440908,0.05524982291723424,1385333,0.4648001785755052,0.5349191441672521
37,2,21.146387,79.081391,7.57060267248432,0.06561221707117534,1481571,0.4786761183964754,0.5371088121722091
38,2,21.140377,79.080573,4.108714596949891,0.06612200435729848,740232,0.4889976336237957,0.5217466230099288
39,2,11.003131,76.972181,5.909932476584622,0.0642016989762579,1213399,0.4499723600051943,0.5318019736296542
40,2,10.991404,76.987179,3.1424523160762945,0.0699182561307902,506805,0.5178685600936536,0.5161709876007977
41,2,10.976768,76.965722,4.6734927291541855,0.058439082838625346,874660,0.47949979779145396,0.5346284275908683
42,2,22.719455,75.826811,6.38457762992856,0.059169984184981185,1125884,0.5208141740922111,0.5937561392269912
43,2,22.715035,75.837823,4.8978002831318745,0.06637264510508549,838792,0.5217130400697785,0.5444449385241346
44,2,22.723017,75.833189,7.902139008327437,0.07070157296032221,1524680,0.4863812571292462,0.5316316199108736
45,2,19.214182,72.974829,5.9432307273222555,0.06521383819122854,1144903,0.47740512532480484,0.5342610162344508
46,2,19.185013,72.98431,4.05098316901792,0.06868565826025383,665165,0.5294260935899996,0.5427776209108144
47,2,19.205843,72.996407,8.195899896406956,0.072842265961507,1617165,0.47729250808203966,0.5428546719708359
48,2,22.292009,73.221967,9.123556959268134,0.06714223480723154,1653021,0.5204476705794245,0.533125231279768
49,2,22.300905,73.200568,8.879786480745139,0.07211721771338309,1630985,0.5129903771982506,0.5362613096150897
50,2,22.299547,73.202637,7.050381263616558,0.06508714596949891,1336747,0.49071835637148065,0.5182160901070717
51,2,23.238755,77.409994,7.686566350452513,0.07093010576818232,1585435,0.45605830841607736,0.5397764348738899
52,2,23.263998,77.400476,6.146953014281042,0.05096478796467895,1209016,0.46958578155507974,0.5434811524035008
53,2,23.242941,77.398059,2.959640522875817,0.06122004357298475,515080,0.481179768952952,0.5147957305852042
54,2,17.727729,83.324562,3.2601121454624638,0.06358538842615276,565877,0.48959674916876,0.5252145743579467
55,2,17.736492,83.335827,5.761598780222174,0.06354824656937487,1084009,0.4866178196468248,0.5718147192529794
56,2,17.728213,83.313132,8.848207475209763,0.07279067233300643,1697564,0.4922332376043225,0.57645581000117
57,2,18.622568,73.815477,7.529485502507085,0.06943536080226728,1353666,0.51796530306873,0.5840668249464358
58,2,18.638161,73.790743,6.781232951445717,0.07708674304418986,1243015,0.5049260768826646,0.5338010152774314
59,2,18.622427,73.808947,3.5967073702573047,0.06454426515481901,613605,0.5040193622882834,0.5449764318949969
60,2,25.597474,85.148341,6.3619882404181185,0.06358885017421603,1211569,0.485066987738969,0.5550839480395009
61,2,25.598476,85.124915,4.671222433977675,0.060277702150830385,898896,0.46763851631978454,0.5231384342798526
62,2,25.596702,85.117377,5.667774991823831,0.058268832443039355,1084151,0.4786361698654843,0.5470562212690658
63,2,11.71592,78.969098,8.504169619011282,0.06278955687578351,1654115,0.4848125475816171,0.5480013074660155
64,2,11.722522,78.942294,5.343494383247901,0.06723743047224343,995723,0.4876683599092016,0.5610776609858149
65,2,11.748241,78.965442,6.744303935462771,0.05603401286383953,1341042,0.4680157785451618,0.5461723725471179
66,2,30.899025,75.855978,7.077601699068779,0.06360616457005935,1318773,0.49885370662317224,0.5795240330237675
67,2,30.898697,75.841553,9.58133202635735,0.06458639655829658,1960858,0.4649195639077195,0.5500701931875664
68,2,30.92522,75.850196,5.828296030060447,0.06469531122365627,1122241,0.476853258077617,0.5428026834600939
69,2,19.997465,73.812763,8.04566757493188,0.06970027247956403,1637065,0.46317596491391394,0.5433523662446914
70,2,19.976174,73.790442,8.580819082888574,0.07373924409105762,1725109,0.4701537871375668,0.5400350338279535
71,2,19.981207,73.798197,7.645247438412906,0.05973403095705254,1564993,0.45917595079456236,0.5635461518720237
72,2,9.917138,78.130635,3.585232849820046,0.0727996509979278,642524,0.48284403599345554,0.5125100765053919
73,2,9.906298,78.096807,8.520952536646504,0.0540569996185494,1694695,0.4747855505613212,0.5538949536033357
74,2,9.905109,78.111836,7.191661209342938,0.06679764243614932,1379178,0.48619308895501007,0.5534333477511932
75,2,8.730018,77.68958,4.890239250095373,0.06463567496866314,928362,0.4755367516589851,0.5336334863816699
76,2,8.730884,77.671666,6.79240864782443,0.06099221260142678,1330023,0.47498597210145777,0.5528902429247173
77,2,8.728293,77.666655,3.5756023111304915,0.05619753624768342,652133,0.47539495157511924,0.5220963734203266
78,2,27.196417,78.032663,4.952593722755013,0.06615082824760245,947016,0.4730198700645466,0.5364227481268773
79,2,27.162665,78.002603,3.627723311546841,0.05784313725490196,644265,0.48742360739076007,0.5334504399003093
80,2,27.187897,78.020528,7.271628464093211,0.06076114771056786,1418939,0.47873077615975435,0.558666956176671
81,2,28.418966,77.370951,9.946975476839237,0.07400544959128065,1871487,0.5045417736378295,0.56640625
82,2,28.431203,77.327983,4.066724862240166,0.06350591958099187,717236,0.49761939785327197,0.5463241212771667
83,2,28.406511,77.324545,3.904642409033877,0.06153510446784136,724470,0.47359423739297696,0.5366388644396943
84,2,22.294085,70.780381,9.575959023539669,0.07993679163034002,1768420,0.5125164054944642,0.5545553349000506
85,2,22.32633,70.765211,10.145589276957447,0.06413120470767722,1830093,0.5256528714915523,0.5570049891784773
86,2,22.285392,70.794423,3.6856893922892615,0.0642016989762579,606533,0.5216584918594406,0.5188446480017729
87,2,28.602141,76.996154,3.5544969512195124,0.06533101045296168,592456,0.5133173734099369,0.5011180885281054
88,2,28.632626,76.981748,5.865994000545405,0.06266703026997546,1049360,0.5103704670899809,0.5313516931029995
89,2,28.598265,76.983067,7.688303902332679,0.0671462829736211,1396924,0.5136068298946826,0.5381948874994683
90,2,22.838616,86.213101,9.4107931316435,0.07217225402016898,1949173,0.459248347096292,0.538015083235829
91,2,22.772403,86.188247,8.782229965156795,0.06413327526132404,1721611,0.48211335818441997,0.5677285773620229
92,2,22.796113,86.160413,6.0226343059721845,0.059721843468775564,1146464,0.4831775571514448,0.5542263597341206
93,2,29.455255,75.685046,4.830413187053108,0.0587850008187326,940562,0.46421195344949245,0.5260624413835184
94,2,29.442666,75.667292,8.553387474791519,0.0605003542813539,1674160,0.4821091375519412,0.5367488689224496
95,2,29.474162,75.678135,4.4754196642685855,0.056518421626335295,824121,0.4842893586736569,0.5364484387939014
96,2,18.628579,73.83173,4.639498774175974,0.05764096976300735,871305,0.47765622272880026,0.5530830564003805
97,2,18.600129,73.799696,5.971038162120965,0.056943763950133376,1196643,0.4604997799796061,0.529753927226644
98,2,18.619359,73.83504,5.317656045395024,0.06721955477957224,1020444,0.47460257231910064,0.5537383417296821
99,2,19.195081,73.120174,3.320248609748119,0.06367898811470941,581211,0.48740384546757454,0.530254018817425
100,2,19.213776,73.116037,7.261191995201483,0.08173837177599651,1465325,0.4638775969975234,0.5480009612207504
101,2,19.237099,73.137501,8.872576780657809,0.07345894140710085,1884189,0.44716389319050803,0.5276149677482708
102,2,19.217548,73.11855,3.591921171539006,0.06331319070172574,645585,0.48175877620110463,0.5210894045255452
103,2,19.201947,73.090262,7.913405994550409,0.06196185286103542,1568301,0.4743392226313123,0.5365121339834173
104,2,19.213633,73.084243,3.932809344468097,0.0736859341738988,741889,0.46714107732350657,0.5168623532350737
105,2,28.981723,77.716292,5.286072226156109,0.060678686202952234,1056723,0.4569868694714386,0.5135912125958288
106,2,28.970793,77.73803,5.80491660307424,0.06012209745993677,1157829,0.46150284363568017,0.5268643542601739
107,2,28.977743,77.715185,8.378173695107334,0.07191892775416803,1709192,0.4630892517271431,0.5545085645167583
108,2,19.448614,72.814474,3.0512526608809565,0.0687189563888434,503546,0.5055542843264568,0.5258215122623116
109,2,19.44707,72.824104,3.885623943738756,0.06029548056479311,646745,0.5203414744978213,0.5457734128376008
110,2,19.47019,72.833148,9.146173969914978,0.06747329409199913,1891224,0.45932421314302047,0.5380389118970295
111,2,19.243333,82.557704,9.627166684835931,0.06867982121443367,1898575,0.4817015465937446,0.5568024187384286
112,2,19.239416,82.537608,8.238175675675675,0.07018308631211857,1662687,0.4673646356769906,0.5423710876524592
113,2,19.230826,82.55002,6.817939076889543,0.06669936243256498,1295125,0.48869736237896555,0.5442985365697707
114,2,34.075612,74.822979,5.693938733238853,0.07118717976670665,1131137,0.4624943229907681,0.5311788018609638
115,2,34.082385,74.822032,4.893082788671024,0.05588235294117647,940785,0.47013386901915616,0.5155947371936151
116,2,34.079531,74.809474,7.572689144288905,0.05839097990086606,1427276,0.4958297743360666,0.5415240095520327
117,2,28.684932,77.439465,4.4932193235662545,0.06007298077446762,855868,0.4700669259318498,0.5444297644877032
118,2,28.661762,77.45196,9.311494190169658,0.06529921990071463,1827373,0.4831184306395107,0.5548948385962856
119,2,28.670212,77.437198,5.216064519644706,0.05863440684431366,992555,0.4774189418056488,0.5271466031487343
120,2,23.826275,86.445898,4.45913697286695,0.07072027895826523,809023,0.4905417104811374,0.5384389814769561
121,2,23.7825,86.411707,9.516733892946691,0.06382862749373161,1781934,0.5056890354787517,0.5749935565165096
122,2,23.80915,86.439926,8.905572839910485,0.06424321816494732,1820713,0.46365973677017264,0.5258396665849473
123,2,19.877386,75.328801,5.270902645214071,0.06304881374420507,1011672,0.4741418912425671,0.5289881315770413
124,2,19.84622,75.368816,3.925798713335514,0.0514665794351761,723529,0.47670436782863923,0.5410509943339629
125,2,19.865188,75.337439,9.90115994118608,0.059249577955671734,1959432,0.4807713943061038,0.550611607339288
126,2,25.325888,83.030778,4.107798790124803,0.06501716714807347,754507,0.48072149088594984,0.5163781094527363
127,2,25.320354,83.002806,8.133173365326934,0.059660795113704534,1672151,0.4589435869362676,0.5401940471640551
128,2,25.325067,83.023498,7.319539853887253,0.053592847017773414,1558596,0.4413093878127798,0.5176677392444285
129,2,31.600619,74.854228,7.441843971631205,0.0607746863066012,1495464,0.4664375988196039,0.5352026977494319
130,2,31.612377,74.895742,5.596815529745351,0.05899994547139975,1081564,0.47367857600141433,0.5278202667550005
131,2,31.627004,74.89747,5.723833406018317,0.0716855647623201,1075872,0.48677350987338047,0.5437480356955781
132,2,16.502915,80.646532,5.821821549188365,0.06220721211460944,1204323,0.4463481475975173,0.5275267127004623
133,2,16.512291,80.634192,5.390093722755013,0.055143853530950304,984990,0.4967874102761328,0.5675596441568944
134,2,16.51484,80.647933,3.4137029573552637,0.05479004411524427,634697,0.46464092780496774,0.5140395660497766
135,2,23.353512,85.303382,6.870433883172737,0.06668844248462083,1371941,0.4667601407374845,0.5424154543437609
136,2,23.344205,85.324153,8.318048142903823,0.058054678139636204,1724903,0.4558076863758689,0.5406483039473081
137,2,23.344625,85.297805,8.541696170815404,0.07707391470123645,1707310,0.47261931659844764,0.5379293193383413
138,2,23.201106,79.956153,5.885228943213372,0.06675014972505036,1126236,0.47994260021834073,0.550830288172441
139,2,23.199268,79.93855,8.285690950669716,0.06659043885440488,1645322,0.47473709439689155,0.5428845547261066
140,2,23.165306,79.964705,5.399792881670027,0.07101978525099471,1072386,0.46058148780947805,0.5257239757345742
141,2,25.432184,81.834229,9.278964577656676,0.06980926430517712,1902729,0.46331603415423034,0.5284782991719035
142,2,25.460269,81.816068,7.2757944078050905,0.05941025780781599,1480188,0.46043853059288453,0.5375608659824705
143,2,25.449906,81.871363,8.25074838077614,0.06351711750938878,1741289,0.4480963271260589,0.5429178320755713
144,2,17.68866,83.216168,6.905882352941177,0.07734204793028322,1398866,0.4607404766631024,0.5303368482487204
145,2,17.660287,83.229082,5.309015679442509,0.053734756097560975,1045587,0.46343190691257047,0.5377113734015607
146,2,17.678986,83.197377,5.999509803921568,0.06258169934640523,1207789,0.4587521231576017,0.5360047933764253
147,2,26.242713,73.026248,7.028310104529616,0.06347996515679442,1384085,0.47357867672873294,0.5406864605684099
148,2,26.272545,73.010121,8.508015267175573,0.06444929116684842,1631243,0.4914396920117842,0.550224945205655
149,2,26.244494,72.996949,3.6427520034890692,0.06427520034890694,643903,0.4896810475947898,0.5146812331637234
150,2,26.233721,78.177905,5.671754060830699,0.05935898833533195,1018590,0.5070449459436164,0.5264715775311134
151,2,26.229909,78.174075,5.285270218683536,0.06271472978131647,1000265,0.4803633868825725,0.5454976939030304
152,2,26.225135,78.149383,5.120852176755844,0.06740042499863783,957104,0.4844227414479412,0.5420922710248552
153,2,10.012954,77.485437,4.622799847419759,0.06457413764917443,851879,0.48564994578299964,0.5405733550227503
154,2,10.027057,77.500841,4.447638267699356,0.0651249045489255,843441,0.4714272824373073,0.5303026586873344
155,2,10.016135,77.466493,6.092544146500981,0.07265097013298452,1154221,0.4857632065242873,0.540966301985025
156,2,22.578603,88.341839,9.764728323069377,0.06539865932748379,1999494,0.4650991297459949,0.5434828713987521
157,2,22.607791,88.3449,5.828806270752817,0.06880409340808884,1132464,0.47293927212095577,0.5370463756747166
158,2,22.561574,88.314534,8.453499154530082,0.056728304150984565,1686846,0.47309612325461076,0.5294588299059872
159,2,21.243011,81.653859,8.93878440992096,0.07157263559553012,1887310,0.44979315808409154,0.538885128336474
160,2,21.226825,81.628195,6.851526717557252,0.05877862595419847,1380927,0.4626512122175672,0.5405226885673813
161,2,21.249206,81.606949,6.578029642545771,0.06909328683522233,1259563,0.48383411747346544,0.5526130499250338
162,2,10.828791,78.694454,7.284312121707836,0.06619772070450952,1413282,0.4813585387064563,0.5482678084857922
163,2,10.838035,78.697621,8.288645765295014,0.06177879381667755,1628630,0.4794921854471468,0.550545048594694
164,2,10.830223,78.701471,8.677387701700829,0.05544047099869167,1742509,0.4709549696474117,0.5487847014995697
165,2,25.156989,75.838237,3.756494744294973,0.06704427863406133,681745,0.4805268654478088,0.524690463073042
166,2,25.182447,75.845117,7.425744193653909,0.06400610620433976,1474564,0.4716063744410458,0.5561363836598044
167,2,25.162973,75.849115,8.057575097953853,0.05626904658249891,1536635,0.4923257230814356,0.5732404924797558
168,2,18.513651,73.859945,6.165830789358918,0.05271478412559965,1244121,0.4587258728461886,0.5350597222099428
169,2,18.52923,73.866957,8.964058160431302,0.05870500462887328,1750227,0.48448423682236297,0.555859982503888
170,2,18.52347,73.845495,7.563838482916462,0.06326630701324179,1583445,0.4493071340564415,0.5349375022513598
171,2,17.663566,75.898547,6.780073036463727,0.06480623535182864,1352341,0.4668375427302353,0.5424253386390129
172,2,17.650009,75.907567,9.60313913564772,0.07057605319090958,1854556,0.49132074679097043,0.543706621114699
173,2,17.700991,75.910969,3.853865852994061,0.060589549392469896,695147,0.4846733815249333,0.5297959876150485
174,2,30.744009,76.80647,5.936437908496732,0.05860566448801743,1142160,0.4779124998789795,0.5320017615648568
175,2,30.734605,76.785085,8.142639206712433,0.06581671570229923,1613423,0.47522644476655407,0.5465001906979545
176,2,30.725244,76.797093,7.248583877995642,0.06481481481481481,1451572,0.46717676511277867,0.5313521433670211
177,2,11.101657,77.239464,2.1437755380005448,0.04385725960228821,428160,0.40589509580440486,0.488869123252859
178,2,11.084084,77.244953,1.9221005610938606,0.041619000926077246,449606,0.3497233583865279,0.47671815218931557
179,2,11.144238,77.370123,1.8364221083614958,0.047694320287801156,303859,0.45471862911597755,0.4600795441054256
180,2,26.135787,91.749774,2.024648271349111,0.03937179627004035,325060,0.476320583293914,0.45670500148132187
181,2,26.104078,91.755973,1.42289426278727,0.04776461597248758,205318,0.46603680843817596,0.4056086239306403
182,2,26.175055,91.74341,1.852580522099297,0.043108616273366394,421205,0.3554418169624806,0.4531976231099606
183,2,15.315431,75.079703,1.1872410032715377,0.03991275899672846,78587,0.6647969915343993,0.3613777267508611
184,2,15.358671,75.179308,1.7687574866601328,0.050800392028748774,384427,0.3651236381663559,0.4134396355353075
185,2,15.347361,75.207777,1.1404990193942035,0.043419045543691435,56430,0.729079472859556,0.34524264424914025
186,2,12.416626,76.689977,1.4284701003928415,0.04081187254474029,228628,0.4346769296568891,0.4119624169276602
187,2,12.246048,76.629733,1.6062142273098936,0.039247751430907606,300467,0.40108528975168833,0.43021006549699664
188,2,12.367697,76.573768,1.1648507300065374,0.04189365874918283,88840,0.6168453346783189,0.3608941682645092
189,2,11.583832,78.183528,1.2512524504465259,0.03975168808538445,128222,0.5482611012288587,0.38395926715696943
190,2,11.630855,78.12408,1.4236262538159616,0.04988006977758395,180123,0.5082146963355245,0.4104763363455353
191,2,11.62414,78.11218,2.03227562183639,0.04468513579709356,464575,0.3599655708871966,0.4728709159078736
192,2,28.334962,77.060582,1.8090904136465202,0.04779552019183607,282113,0.47344382778040006,0.45053620918182913
193,2,28.448153,76.980972,1.470626774404892,0.039473684210526314,210107,0.47423204713369643,0.4254371310836396
194,2,28.471966,77.040029,2.095889664195377,0.04404709986916703,438019,0.3895568119704652,0.4818196004993758
195,2,20.297456,85.784972,1.36345818815331,0.04110409407665505,188750,0.47219331191456626,0.3950888400878419
196,2,20.374576,85.914831,1.7562452274462748,0.04434384204210756,339402,0.39968985745314656,0.45260869565217393
197,2,20.239279,85.86238,1.7379058618435388,0.037371976465460886,411429,0.33981371057244286,0.4566798319854555
198,2,19.314218,72.921762,1.53014541691629,0.0436795381515168,201049,0.5082712172823328,0.4223021070615034
199,2,19.313216,73.013594,1.2180598724030753,0.03713397677081629,87318,0.6502631206841175,0.3691302206902726
200,2,19.243273,73.072197,1.8927735119533846,0.05309589936284921,377710,0.3962181055354472,0.46941711260716956
201,2,31.292968,75.58154,1.9160167966406718,0.04084637617930959,335507,0.4399508610976797,0.4727195104596556
202,2,31.295462,75.617183,1.9487794245858763,0.04288360941586748,483392,0.33404287761674417,0.4747099119250664
203,2,31.35205,75.651248,1.5390144296215627,0.03898720392050095,211277,0.4944195779391226,0.4182557933840439
204,2,28.654708,77.016149,1.6068841566363488,0.040084962692663796,280242,0.4225951253770885,0.42440264361972546
205,2,28.761777,77.037581,1.6117134295832198,0.04211386543176246,261030,0.44642091504396303,0.41901027582477013
206,2,28.767622,77.146787,1.8398560994222173,0.04055379919328464,279511,0.4847965143097874,0.4396681973041031
207,2,9.98355,76.246076,1.7276841703473471,0.03936964938110039,435107,0.3228670472162291,0.45204355373204985
208,2,9.950746,76.250717,1.3770652707345001,0.0380064343748296,170022,0.5099826202066869,0.4028509206097802
209,2,9.981159,76.37044,1.171482993197279,0.03346938775510204,60876,0.7281900303322304,0.34914293677707064
210,2,19.28806,72.898451,1.8515897212543555,0.044642857142857144,352119,0.40953592334194217,0.4552644732586516
211,2,19.199664,72.800666,1.7053435114503817,0.03718647764449291,391578,0.3469120895260532,0.44428813505131565
212,2,19.35415,72.808893,2.0593562465902893,0.04648117839607201,356881,0.4507423698053299,0.46965482529338526
213,2,28.869016,77.081925,1.675916857111764,0.04630536511045816,296420,0.42276294261433933,0.4329404889451641
214,2,28.897291,77.097661,1.246168948028576,0.03921033975023177,104840,0.6083621109297872,0.36942061963941886
215,2,28.778741,77.150068,1.9224536407635,0.04948610582413399,309768,0.46915660587539776,0.4222272508697989
216,2,8.510969,77.011606,1.6787739965095987,0.05099258289703316,338409,0.3829241636256552,0.4555111587564565
217,2,8.494593,76.961651,1.5497031428727055,0.04880440111117163,219488,0.48505832546847005,0.41515534936032616
218,2,8.43093,76.90839,2.3045964491885416,0.0399193987583052,482499,0.39563955460671035,0.4810482536981899
219,2,27.885028,78.050757,1.6246049907377138,0.03530565544295521,292208,0.41422025831643255,0.42969247795030013
220,2,27.864074,78.116097,1.8236926593023888,0.04287968656472765,376439,0.38277568782202726,0.46054005669103387
221,2,27.867956,78.025702,1.146455579130624,0.03373048256351668,77059,0.6474991833968473,0.3529942108759609
222,2,28.34541,79.404038,1.4097316714744461,0.038371523431121754,201010,0.46833383325286404,0.40965948575399586
223,2,28.41026,79.499452,1.1840200293909542,0.03913351113046318,65135,0.717001259206682,0.3700758446334176
224,2,28.285169,79.445718,1.7074952303079858,0.0428454619787408,422130,0.3270249229709049,0.433072625698324
225,2,28.749994,78.851642,1.5319925877479834,0.03973185088293002,263904,0.42098811437851286,0.42572038420490926
226,2,28.847957,78.909019,1.2417780201799837,0.045704935914916825,111586,0.5868904465229191,0.37797004699371956
227,2,28.8444,78.813128,1.8576334005559492,0.039297977871041584,425706,0.3533597487104863,0.458586392042954
228,2,18.010843,79.605436,1.9928116320862603,0.04051625551380494,487635,0.33912405355131336,0.4672222981281596
229,2,18.094101,79.650601,2.0317200784826683,0.03302812295618051,339021,0.46278425826615777,0.4935218219372837
230,2,18.009194,79.588335,1.8575010902747493,0.03554295682511993,316464,0.4460172044341766,0.46265590608950846
231,2,26.7168,83.362601,1.39375612945407,0.03781192110711561,194833,0.47272731663486445,0.39125166132436867
232,2,26.893215,83.395088,1.8886346300533943,0.032690421706440015,462990,0.3354650402411045,0.4578104716572912
233,2,26.75838,83.347546,1.5819797231004034,0.03908208873868963,206529,0.5160946347981442,0.44066979051819183
234,2,16.342352,80.341253,1.6902621110566183,0.04021579205492889,306712,0.4155918957534123,0.4272542635159096
235,2,16.235242,80.392536,1.4517606017660525,0.03575711326719721,230944,0.4386725856235655,0.40833489769100806
236,2,16.224602,80.444253,1.3906173377649431,0.03465373508418242,218704,0.4363350751057229,0.40602593738980525
237,2,11.921523,79.816154,1.4504033137126662,0.04670808807499455,250787,0.4134712271870583,0.40679367226543417
238,2,11.974032,79.821929,2.066361556064073,0.034379426827939416,440439,0.3823487120774173,0.4906267302976771
239,2,12.026258,79.886118,2.2504764497685814,0.04829839368363736,397964,0.4519355716012767,0.4823256151556943
240,2,20.88247,77.775833,1.7825802226588081,0.04131194062431783,309694,0.4351003975305492,0.45657431501607226
241,2,20.919886,77.694674,1.9590034345526903,0.042686583437823694,359424,0.42640424413019135,0.4555725615695005
242,2,20.933365,77.757913,1.451145038167939,0.03996728462377317,280847,0.38103097521260215,0.4006387375540109
243,2,28.018316,73.313744,1.3380965366784838,0.05148622852467957,125578,0.5931857435913449,0.3890768290197677
244,2,28.011878,73.322702,1.1998254323277509,0.035895477606240796,89231,0.63405331701875,0.365674016822005
245,2,28.015982,73.287779,2.1931353854535547,0.03802778534459275,413176,0.4273651506410188,0.4863871224165342
246,2,10.009309,76.127252,2.1447561972214655,0.044837918823208936,496872,0.3593326872799303,0.47005181873602925
247,2,10.002184,76.15655,1.5751566330700082,0.04113320621084173,216021,0.4984341651567485,0.4497630823504998
248,2,9.954372,76.247479,1.1753851178487833,0.030428392575254478,68821,0.6962315812895217,0.3578771881078077
249,2,21.138814,81.389609,1.3217533351483801,0.03757146746528723,200669,0.43960412784436714,0.39658084449021624
250,2,21.191095,81.425021,1.2614076214359702,0.0431772338221665,101612,0.625660983193446,0.37642076148493886
251,2,21.255974,81.492078,1.760108991825613,0.04250681198910082,282615,0.46002090660993766,0.43837270503730763
252,2,20.429746,85.842854,1.1669478152037873,0.044022419328508464,74112,0.6702282526211791,0.35601044483819827
253,2,20.438744,85.903739,1.580836692450158,0.0425427606493082,246524,0.4561983275184859,0.4260216387568052
254,2,20.447436,85.867809,1.6423671602787457,0.04241071428571429,346709,0.36765929503966693,0.42853354547865286
255,2,19.270508,72.881973,1.2107987359703607,0.040372670807453416,91402,0.6325946102811677,0.3678005759539237
256,2,19.31728,72.809406,1.3209789066332371,0.02943260478552352,176264,0.47815817719038206,0.38540248380575154
257,2,19.264615,72.844283,1.5931880108991825,0.0382016348773842,291775,0.40665892690936956,0.4245792858120126
258,2,21.679381,72.241544,1.1751430907604252,0.037448896156991006,54926,0.7585189643832703,0.3559998144626374
259,2,21.736734,72.20576,1.9518098560837331,0.030418665503706935,405263,0.3862958214006831,0.44122329283619605
260,2,21.828658,72.065655,1.550695391328061,0.04237796563948732,231175,0.46824047447061556,0.41912566384131117
261,2,16.790359,74.65191,1.7010135135135136,0.046207497820401046,272460,0.4566969643756413,0.4485553206483439
262,2,16.766707,74.536924,1.2857764955636601,0.03766806379620053,154447,0.5053219317043078,0.3839217678435357
263,2,16.827134,74.584127,1.516709371422341,0.036689745406967234,249944,0.43341488107306914,0.4268205017611962
264,2,22.521511,70.065182,2.011499890996294,0.041257902768694135,416623,0.38935546636450447,0.4531808821935624
265,2,22.454739,70.063883,1.1659681018997332,0.03859343530564477,54245,0.7559195448148939,0.3571261845852201
266,2,22.580682,70.100343,1.1902662093744896,0.034514671457346616,75713,0.6773922301562716,0.3542648067688086
267,2,32.743823,74.852471,1.4970040309401895,0.04450375857936594,200048,0.49892151620413716,0.41542044172761344
268,2,32.670858,74.866711,1.5253405994550409,0.029536784741144413,234717,0.4557105254453884,0.42792326104819406
269,2,32.745072,74.812751,2.10595413193877,0.046303862286866046,405343,0.4167375687283231,0.46745990688049666
270,2,23.769619,86.18749,1.2757136631074308,0.04167574634996731,121711,0.5753948442375123,0.38316679477325133
271,2,23.682141,86.200745,1.4821428571428572,0.03778310104529617,211969,0.4750929922982275,0.4310376492194674
272,2,23.619152,86.177125,2.0071424676953273,0.043563600676080914,433967,0.37589260529121227,0.46987559080784486
273,2,19.068186,77.250991,1.6768392370572207,0.04871934604904632,267843,0.4558573187629561,0.440414676156121
274,2,19.142829,77.324898,1.6470075695692425,0.043620323476556117,241814,0.48184321577502454,0.4402380558770045
275,2,19.129654,77.244637,1.5138238815717862,0.04098182213998041,184726,0.5316774307832043,0.4196865113603681
276,2,11.315086,75.736211,1.475873725532959,0.041600785126219945,204739,0.4843074649234128,0.40495012929442187
277,2,11.20055,75.912019,1.775070852408982,0.046108567691301505,295540,0.44877151550007127,0.44940128953024255
278,2,11.252786,75.789352,1.3830251459117437,0.044182621502209134,168287,0.5155021100208894,0.40049692380501656
279,2,16.666848,74.23777,1.5828060222561642,0.04325769146847044,258358,0.44168290431807417,0.43191921976772235
280,2,16.611152,74.281026,2.2051016514961574,0.04801874965934485,464545,0.3905980305371861,0.4676454594888526
281,2,16.693881,74.32021,1.7096158044095175,0.03241650294695481,288438,0.4401257869748885,0.447491062308478
282,2,14.372022,79.966951,1.9435351882160392,0.03431533006001091,356477,0.4257684808251104,0.4358333801156459
283,2,14.48154,80.035598,1.1909487459105779,0.04389312977099236,106804,0.5758828387799936,0.35988646248225975
284,2,14.361777,80.044177,1.7107442519341833,0.04680178707638662,344339,0.3850088000229967,0.45487261146496816
285,2,17.332108,76.868604,1.2228391029827999,0.029555845852384063,83143,0.6676963372789567,0.3615970089464548
286,2,17.389058,76.84355,1.3214713896457766,0.04,208434,0.42844543391642187,0.3935670103092784
287,2,17.36382,76.891609,1.1420476216422384,0.03329155996294884,69509,0.6737386343157227,0.34693001288106484
288,2,26.429413,74.670317,1.4081354824656938,0.04024177739054672,173102,0.5156078983184648,0.4051044083526682
289,2,26.473581,74.649054,1.6204490952692392,0.03727926749509483,244516,0.47035525063255096,0.43655197928227896
290,2,26.493024,74.645362,1.875088560684506,0.050084473268298,333216,0.4328299418037436,0.46028424448513383
291,2,30.270377,78.086578,1.709137498637008,0.042143713880710934,267518,0.4650486503074701,0.43470494417862837
292,2,30.380883,78.029899,1.3729626601253748,0.04344508040337967,196664,0.46280056229450656,0.4041607114498968
293,2,30.371344,78.008118,1.5115873275533016,0.04465892360543105,283148,0.39451786974049236,0.425510424933266
294,2,11.272542,77.752462,1.9438997821350763,0.045642701525054466,409493,0.38153611180822433,0.449525090358914
295,2,11.353907,77.703473,1.7345914694011126,0.05034362386822298,258739,0.4835246430973807,0.4484797031726567
296,2,11.329749,77.734159,1.9578208337868728,0.032709263089147705,482113,0.33633003107418535,0.44840718296547505
297,2,23.588179,87.317838,1.7424927788980327,0.03542427380238705,385278,0.3590710435869816,0.4720085069118659
298,2,23.559218,87.322162,1.5654992101966339,0.043085135355956206,224854,0.4819085528257721,0.4263795142996312
299,2,23.519944,87.361284,1.2995527435365988,0.044289298570961054,157586,0.5045121798298816,0.3828849624375708
300,2,19.277829,73.115828,1.3505149021958263,0.03459924807933308,163220,0.5130745772341867,0.4138863113728971
301,2,19.331615,73.131858,1.2515250544662309,0.03910675381263617,127360,0.5504596474605167,0.37608251011793375
302,2,19.132579,73.06207,1.2287830918400697,0.04679158949776664,125858,0.5440511701334775,0.37084977170973893
303,2,28.730421,77.276141,1.2690778364834685,0.03703905441472847,141486,0.5255285343595357,0.3868240343347639
304,2,28.701124,77.237684,1.542849359847453,0.035685099427948785,237822,0.456704820836847,0.4317090395480226
305,2,28.749696,77.301941,1.1464850136239781,0.04005449591280654,58273,0.7243718218672661,0.35534008270355055
306,2,26.656511,88.462641,1.465082047647604,0.045794035871994765,270704,0.39521614216399176,0.40889302325581395
307,2,26.759256,88.417811,1.7320318464390883,0.032391754826044276,285025,0.44984919068608226,0.45505777162106853
308,2,26.825526,88.395315,1.483585996291853,0.04051695931944596,286981,0.38337437659519535,0.40673356121586357
309,2,23.190713,75.801053,2.1774896491610374,0.03955110045761604,460636,0.3883963300895835,0.48780365765179756
310,2,23.103892,75.780128,1.4756556349163077,0.04034676408047544,290146,0.3782316453113213,0.4161309391856942
311,2,23.151233,75.748656,1.8184395616378606,0.041600785126219945,301124,0.4533360162039321,0.46271699697178664
312,2,20.744772,72.952934,1.6566750081601567,0.057773909259057774,307042,0.40700345619374817,0.42976292112694553
313,2,20.840595,72.932803,1.1688460281137627,0.04543968617195162,92357,0.607644134663029,0.36375501072061156
314,2,20.786751,72.942512,1.436938163988014,0.04287660038136747,194187,0.488443800707718,0.406013042159539
315,2,28.661506,77.114933,1.5487106798233659,0.04170528266913809,220490,0.4832321382331324,0.40853250730402335
316,2,28.609354,77.198955,1.545924756356509,0.04840202537159035,287877,0.39856056336325923,0.41743264659271
317,2,28.620721,77.171335,2.2095612311722332,0.04840646147129448,417934,0.4266105780219552,0.48590975326631924
318,2,23.710505,87.03751,2.1927454931648604,0.04825445237187517,453157,0.39640563043853017,0.47449207689632905
319,2,23.674483,86.943415,1.3372181679555604,0.03430998801873434,169796,0.49564047204389994,0.39242516799022603
320,2,23.727535,86.935796,1.963166784721844,0.035797962186018634,432527,0.3686511265573096,0.4552191168715828
321,2,12.891349,74.867219,1.4021371715189184,0.038436375531566896,183635,0.4943456102099242,0.4031260935495159
322,2,12.74319,74.812519,1.5141751172173155,0.04296150910478683,298652,0.37982378546133355,0.4167566789083315
323,2,12.892758,74.908238,1.260201579950967,0.03285208390084446,100627,0.6281315974175794,0.3800795434895383
324,2,15.77015,74.527597,1.8077132882391447,0.045548767183067856,341698,0.4092645400792271,0.4431502715751358
325,2,15.881653,74.559905,2.09700272479564,0.03275204359673024,401279,0.41833045565356625,0.47911956549985707
326,2,15.872401,74.54022,1.7647186972387126,0.04591253199716791,443365,0.32477592359440016,0.44742770731105147
327,2,30.021234,77.603685,1.3766891891891893,0.04048605056669573,200800,0.4576759272570443,0.41229320034829414
328,2,29.93544,77.569248,1.6808394657944945,0.04279095121286454,316030,0.4040188125362341,0.42784407834998056
329,2,29.959544,77.552556,2.0920292225493404,0.03914513139243267,494216,0.35206544801037676,0.4556328668595106
330,2,12.883923,79.157298,2.242267479851884,0.0387715094750599,449824,0.4078154972958409,0.4869104861819418
331,2,12.919837,79.196473,2.3192590574775265,0.051702533369654045,493104,0.3910375005863266,0.48323976415869957
332,2,12.959288,79.05808,2.1781449370194665,0.04264136539615028,386959,0.44729534458126174,0.4872327642317128
333,2,22.798437,88.438443,1.9233787465940055,0.03493188010899183,484876,0.32885239719085846,0.47202153279501347
334,2,22.941187,88.411812,1.9206971677559912,0.03916122004357298,418416,0.370493419909106,0.4637459237204027
335,2,22.878899,88.480003,1.3500081739414747,0.04441174867854613,145108,0.5507809512302636,0.39370332996972757
336,2,20.610109,74.462545,1.2239277160897017,0.051817983888526015,86482,0.6563248549938878,0.3723039978654334
337,2,20.527338,74.544324,1.2013957038490894,0.035437793043288625,98107,0.6064377855649167,0.3634796024867269
338,2,20.531512,74.543352,1.6383176040586984,0.04004145982215918,287841,0.4224199102360757,0.44797389538174676
339,2,24.856612,84.927691,1.515447065874789,0.04113768866125429,220070,0.47347363572805606,0.4214064859423312
340,2,24.815215,84.97756,1.1650035443590163,0.04307759419815693,77582,0.6560369543979775,0.3537395862585416
341,2,24.875136,85.000562,1.201219512195122,0.03979747386759582,92772,0.6231296620853246,0.36451393609789257
342,2,13.01313,80.141195,1.7836085226963108,0.04702740995041142,368282,0.38088342552058607,0.4798973481608212
343,2,13.025779,80.05158,1.5531590413943355,0.03796296296296296,318617,0.3710214925323948,0.4362310200932777
344,2,13.130612,80.210885,1.9067117387274413,0.03533067989749741,405581,0.3771327915264698,0.45070341987876017
345,2,21.01511,75.537816,1.5639949871955539,0.03993897455456873,211700,0.5017629089494879,0.42508273819892006
346,2,20.991799,75.508672,1.2172466455765245,0.04499836369586561,78721,0.6810876425134844,0.37126982704543415
347,2,21.095252,75.512516,1.9161265726267633,0.036871630085507326,452312,0.34692828919646207,0.46269505158741436
348,2,15.873764,78.025692,1.252383287029471,0.04592253636215068,112906,0.5882329699630218,0.3719281457961811
349,2,15.766293,78.108208,1.211477730589132,0.04693455297832952,117730,0.5564128648275993,0.36492741899240483
350,2,15.854145,78.034574,1.5822660635456973,0.0413646520246335,342932,0.3572255026834135,0.4305297237721292
351,2,18.817976,79.474898,2.0874066808348317,0.03847201787368536,439043,0.3872430735274981,0.47484793901897826
352,2,18.823836,79.482436,1.1988348668808189,0.04344748734142756,90822,0.6282477213742749,0.3603088101725704
353,2,18.810666,79.48751,1.5207277877648853,0.04548673530533311,262034,0.4200510967933634,0.4348962997456747
354,2,24.534304,73.710972,1.5605258851126507,0.05187933009655774,262353,0.4306645412381436,0.43538294822945434
355,2,24.55202,73.803507,2.117698343504795,0.03590889276373147,374075,0.44670112186991406,0.4730734594107809
356,2,24.548798,73.712746,1.2138227765372256,0.0317520832198682,96205,0.6186502772800008,0.3828517587939699
357,2,22.550652,88.220589,1.796778055948623,0.04152606944595624,358738,0.3916784866195134,0.451976374375284
358,2,22.494775,88.251951,1.419370644599303,0.04110409407665505,212673,0.453947301045918,0.40794722307456277
359,2,22.486005,88.132026,1.26656503511733,0.049164261991615395,138149,0.5318372259036696,0.37736416781292986
360,2,30.387426,76.337519,1.6966726569732615,0.058650547296193435,317361,0.40652400606986794,0.4293417209615817
361,2,30.287901,76.389814,1.9928633689256918,0.04167574634996731,479364,0.3439743182050821,0.4722541140451588
362,2,30.456351,76.39107,1.2806587054910301,0.037842848574077104,126778,0.5647191109768276,0.38365904542938645
363,2,22.822282,88.368014,1.8835903863970789,0.04365360510109543,448571,0.34336309910605534,0.44978734484853744
364,2,22.789514,88.368553,2.2485020154700948,0.040418346225078984,455194,0.4049939328361068,0.46738050824874633
365,2,22.783249,88.352615,2.3189471963380743,0.047354367609394585,448394,0.42286151860488524,0.46773662938246074
366,2,14.516374,75.958105,1.6663032813692358,0.04142592390711872,345956,0.3736474632854443,0.4376042654803572
367,2,14.536898,75.973172,1.6101971892363003,0.03573374005882994,378842,0.33626899671213056,0.4368593755285681
368,2,14.557529,75.944836,1.6205262297761072,0.04472408345590238,281844,0.424394839195092,0.43204813607180076
369,2,20.75433,77.029859,1.4916362447556257,0.04200948073884379,234519,0.44590479008834344,0.4241881871644081
370,2,20.715297,77.045607,1.1525590014716303,0.04327682999945495,69717,0.6791063956301551,0.352343121955833
371,2,20.813333,76.963641,2.198157937762276,0.04043817101749414,498420,0.36732695059695125,0.49711168959960333
372,2,22.419724,88.442277,1.8113413304252999,0.043293347873500546,292594,0.46137774149001254,0.4477890490954517
373,2,22.405629,88.407856,1.657983651226158,0.0332425068119891,285789,0.42976436633137755,0.4391783073130649
374,2,22.386621,88.405585,1.3939443446060011,0.04465501279747318,218572,0.43756022017189244,0.4071021173529182
375,2,22.344582,82.803444,1.227973628289653,0.04173704571459707,82439,0.6730872391811252,0.375144200905138
376,2,22.299139,82.733996,1.1661394131122504,0.03507145194720192,94212,0.6004466320887744,0.35971189373743045
377,2,22.3477,82.702332,1.996350166149153,0.03933104537778504,420997,0.3831788217876788,0.46941170050207376
378,2,25.433757,78.59052,2.1036867614224257,0.05244241137069106,369713,0.4478664123459274,0.46882037741710025
379,2,25.446001,78.496511,1.552000436062357,0.04475089937861114,253117,0.4395145054082236,0.4313759921331741
380,2,25.505514,78.623598,1.1712978097417457,0.04647488285932222,77454,0.6600571470588128,0.36034234150425604
381,2,8.706062,78.061031,1.5448253310807127,0.03613275927843479,222852,0.4784933440340195,0.4436448301407556
382,2,8.68926,78.234337,1.486630724827098,0.042966835484397975,182118,0.5269535176157133,0.4083882783882784
383,2,8.821284,78.132325,1.6324860914148576,0.033435147812806806,365988,0.3503279250570525,0.44776318866726805
384,2,15.060402,76.895342,1.8127861347285807,0.04785262698931764,397923,0.3640695719475865,0.46058565329805784
385,2,15.215877,76.992985,1.72519042437432,0.034330794341675734,393961,0.34925640371898187,0.4489750867234311
386,2,15.162131,76.889699,1.967188096146509,0.04403989753093149,421633,0.377121097811394,0.4657689856758928
387,2,25.216945,86.938249,1.9591614484072966,0.03768037026953444,387375,0.40198234386402604,0.4633556599316306
388,2,25.26065,86.957256,2.335750109027475,0.040449193196685565,484613,0.3995378325537535,0.4723441000746826
389,2,25.27164,86.953299,1.2310665868133064,0.03680513965263788,98996,0.6186388604862944,0.3779851406332921
390,2,23.724329,91.29115,1.1661305272340659,0.041055558584591895,59558,0.7308505541772057,0.3590630698022348
391,2,23.817928,91.223407,1.411149825783972,0.03778310104529617,229166,0.4287046128044732,0.4027622391111454
392,2,23.876415,91.217102,1.3019567231700004,0.04175069493650188,122123,0.5861422379357384,0.39961486939048896
393,2,16.936975,82.255415,1.2585193249863909,0.033478497550353835,103026,0.6198808650056598,0.36639273356401386
394,2,16.882565,82.22447,1.8833868422484628,0.05028024160635577,326054,0.44205355242491856,0.45718248006471746
395,2,16.964201,82.17394,1.6807514293493058,0.03974952355023142,374026,0.3545694601876913,0.4399701956718932
396,2,18.384247,76.629524,1.3407294335713897,0.035817478057024475,144815,0.5476500351577271,0.3943238188175978
397,2,18.472248,76.610351,1.2689730318714247,0.042767638245709616,136790,0.5359065128896596,0.39453913192804707
398,2,18.439564,76.628965,1.9884329986905283,0.0375927542557835,404608,0.3940549889598517,0.47498971052270544
399,2,22.709987,88.395542,1.9129132400196067,0.0285932138772398,444469,0.35133556548115813,0.46842614736362603
400,2,22.675725,88.393026,1.4612825826153342,0.047278874468317154,175393,0.5306171843929708,0.4121576237032614
401,2,22.68731,88.372179,1.4183951965065502,0.039847161572052404,151720,0.5634813270723623,0.4029862233510352
402,2,16.998624,81.726092,1.6195871234816712,0.03943569911215208,292053,0.41310412711589284,0.43433664032285185
403,2,17.009102,81.67793,1.6952967464166984,0.040983159845223174,269498,0.4588108045014312,0.4472804423299473
404,2,17.012137,81.800467,1.260426875748666,0.03533703582707176,122560,0.5663312705556551,0.38142548596112313
405,2,20.951201,74.632557,1.5746268656716418,0.04079965137814577,244622,0.4569142032927793,0.4384599418845994
406,2,20.857743,74.79754,1.541135447313937,0.04102647924158222,320485,0.3665137751201438,0.43762152225403894
407,2,20.956709,74.725375,1.2150684184702611,0.036526195278852966,134049,0.5191512967243018,0.367535555655256
408,2,28.908298,76.556634,1.7999128397886366,0.04477855858800458,279361,0.47445911408622304,0.4587192058592095
409,2,28.884936,76.600042,1.3926216554956132,0.041632608577189256,233283,0.41784959193706644,0.41135501036897915
410,2,28.892926,76.68934,1.8584181590550324,0.040226443851722825,313196,0.4497667351704839,0.44106965028410755
411,2,19.104625,74.790963,1.7064020067619152,0.04220743810666376,246562,0.49238000899172885,0.45026044163231393
412,2,19.104448,74.760891,2.3308999782087603,0.038298104162126825,489970,0.39508788213108464,0.4942856475097576
413,2,19.126507,74.68128,1.2673094732254726,0.035681211526937956,122141,0.5704977798900125,0.3763593380614657
414,2,8.842549,76.599521,1.2574510979131477,0.039993461559418075,122767,0.5644691978224547,0.3752762251397374
415,2,8.877923,76.601128,1.1181981589411187,0.05337981371534397,52753,0.7320302442119754,0.3423770092547491
416,2,8.89816,76.656449,2.204420491044695,0.037889923240241714,487761,0.3750538894286445,0.476465649231985
417,2,22.067842,82.203634,1.5086305472365913,0.03675469643343316,271907,0.4056472578458032,0.42945825964557693
418,2,22.132396,82.183928,1.2634962139783188,0.03562673639483576,113883,0.59074176721774,0.37434791981030396
419,2,22.065172,82.224215,2.030119825708061,0.042483660130718956,376532,0.42601962212570427,0.47824220636368514
420,2,25.353095,74.589376,1.7898231292517006,0.041687074829931975,312054,0.434366158137453,0.45595791906108424
421,2,25.292256,74.568807,1.7063950321385772,0.03938337509532629,351490,0.3779474699635822,0.45321926772432725
422,2,25.302812,74.718438,1.1468489569148645,0.04956696987853369,50820,0.7604090683694898,0.34612462006079026
423,2,19.279562,84.726746,1.3237072958099494,0.03972102653517136,148206,0.5333099505289758,0.3948137476847088
424,2,19.319995,84.757894,1.5378329792449748,0.05142452470447241,239060,0.4535577712631908,0.41723637136481173
425,2,19.277102,84.905522,1.811103846572954,0.04124441538629182,462306,0.32208510074104746,0.44582155104987664
426,2,26.125547,85.446856,1.82142662525203,0.04441174867854613,296486,0.45939241871138703,0.4557230898103273
427,2,26.053111,85.30828,1.440686274509804,0.039270152505446625,182985,0.5091034063677594,0.4101769242401331
428,2,26.239021,85.426808,1.5507791217173368,0.04086302713305002,230775,0.468832022286248,0.4158234963462619
429,2,22.264808,76.436021,1.9062176448149966,0.04539262165549561,454488,0.34377978329828535,0.4756732033617289
430,2,22.222436,76.412954,1.396578961703982,0.04663071307947922,234706,0.41725543064778703,0.4028785396676808
431,2,22.197372,76.379316,2.0985708051494654,0.039166484835260744,458495,0.3757546271944181,0.4664951133291745
432,2,29.427381,77.654106,1.325147347740668,0.035199738048461035,145566,0.5396298134679345,0.4001976691512581
433,2,29.479905,77.77292,1.4645076872751064,0.04432450114491331,289955,0.37555812523883686,0.4159624762684734
434,2,29.546636,77.741974,1.38433018919361,0.043454555367755304,154579,0.54377234147106,0.40423772202749003
435,2,13.065576,80.098578,1.7226671024677236,0.04319877975704091,320209,0.4099548325875275,0.44501011889704023
436,2,13.06624,80.137362,1.1590673857384104,0.03617148771585771,69199,0.6850320544083655,0.3513018140802707
437,2,13.084632,80.125799,2.0522615803814714,0.039291553133514984,459385,0.36687819308373865,0.47156133828996283
438,2,14.549821,78.819703,1.2872723306794633,0.048914821681753734,115260,0.5980081439558967,0.3799720421908756
439,2,14.486211,78.80199,1.897044388701058,0.03953539099138401,439707,0.3514952351370388,0.46888384259392335
440,2,14.540258,78.842659,1.2787528616592172,0.03079690395726589,147946,0.5157384517835405,0.37445121691317507
441,2,17.44976,78.380615,2.2112268834215265,0.03616823959413016,468010,0.38929365388312287,0.4753176267423215
442,2,17.542331,78.398715,1.1990410287146516,0.04217294175339181,91380,0.6265236851889704,0.3718816740128141
443,2,17.422667,78.379115,1.5196468472396316,0.03406180173306447,218407,0.4772655272150523,0.4308050923435539
444,2,22.711255,88.346698,1.4689083873780588,0.03831271458935092,210692,0.47278603484417325,0.4234992950953476
445,2,22.637435,88.38867,1.8229138278737669,0.050471466724805146,411635,0.35629185412916764,0.4585899659152066
446,2,22.782245,88.312829,1.4764109827849206,0.04603399433427762,234842,0.4409276562632288,0.4226625341303225
447,2,11.068928,77.0075,1.1276874386118083,0.041743970315398886,49671,0.7534441799759528,0.34789761455460394
448,2,28.787808,77.60149,1.1148505146217937,0.03659532756085607,38163,0.8069096028761635,0.3403507058076491
449,2,22.810681,88.26415,1.1362100904435,0.043859649122807015,39122,0.8167005149749859,0.34591225125869096
450,2,11.279458,75.780192,1.1808916503161107,0.034499672988881624,124935,0.5249923979443443,0.3557319549566181
451,2,34.005283,74.969462,1.2617270498501771,0.03617542903840915,147944,0.5088758146396675,0.38234024179620035
452,2,17.830718,83.426625,1.3407096528042732,0.04115114187605603,180450,0.4780565707984572,0.3988373511118338
453,2,19.358468,73.01391,1.2445847393055405,0.04250571459671275,95434,0.6368312265550213,0.3794219248764703
454,2,25.348792,78.50881,1.2456598639455783,0.041850340136054424,165723,0.4687813489782887,0.37365661861074706
455,2,20.275818,85.756853,1.2849594160265838,0.042000326850792614,146987,0.5202538660037102,0.3859002077239391
456,2,22.376018,88.502187,1.184105888120268,0.041723405414238246,82475,0.6489140365092577,0.3642134314627415
457,2,20.582748,74.617973,1.1528693661779934,0.035805765981797376,53013,0.7534453714246458,0.35187898841881354
458,2,19.07978,72.840203,1.4078008389170344,0.049517895080895574,174178,0.5134623634708234,0.3995124593716143
459,2,31.789597,74.917242,1.3383089997820876,0.039660056657223795,124763,0.5954311874205663,0.4039565270484797
460,2,19.226313,73.015241,1.220786302415617,0.04384099460166858,92058,0.6356341846815113,0.38143731296618877
461,2,13.168576,80.017743,1.219873610808455,0.04439965134016126,126707,0.5380837869181168,0.37087482695485197
462,2,11.642294,78.967378,1.1408872901678657,0.03978635273599302,47235,0.7748750569958676,0.351676698194325
463,2,22.617337,88.497649,1.2018638617908333,0.040220175486402526,137687,0.5056498091148582,0.3628366736192981
464,2,20.879939,77.609286,1.474518131329631,0.04595448110639225,198385,0.494166305722349,0.42478398936563033
465,2,16.97569,74.578342,1.1733129671049043,0.04587856636299165,63642,0.7169998943455251,0.35905899855874285
466,2,23.268242,85.331934,1.1825712572892255,0.045724562646465745,63825,0.7218503020230279,0.3647926267281106
467,2,16.973714,82.222843,1.1438303902332678,0.028885982123392197,70112,0.6723984141232058,0.35067657709167144
468,2,18.423111,73.763655,1.2883860414394765,0.03331515812431843,120707,0.5837540456077409,0.38277613203554806
469,2,18.435049,73.854549,1.1756336876533116,0.029544835104933224,95694,0.6007510131395504,0.36090504451038574
470,2,18.215574,79.470185,1.459491876567441,0.0361465489041544,191068,0.5014264283835533,0.42471330917784167
471,2,17.484253,78.497609,1.1962952873876327,0.04244075183873604,70421,0.701964715256707,0.36841386219773214
472,2,19.196476,72.906157,1.2649591280653951,0.03798365122615804,177749,0.45543246890732103,0.39258174298884246
473,2,14.488133,78.813571,1.212352684417285,0.034919249236141425,99377,0.6080704817593228,0.37446559560775844
474,2,21.252784,72.890189,1.2938324071047183,0.045112781954887216,160557,0.49656405588977387,0.3706838470608051
475,2,17.982504,79.507755,1.3470889664195378,0.039086349760139555,156601,0.5249741686195837,0.40057461961799934
476,2,20.899262,75.697327,1.1260495038708973,0.04312506814960201,49129,0.7550841914522979,0.34645364318566935
477,2,14.57552,75.97441,1.2275903482912982,0.038978054372748115,151750,0.4876227798575167,0.37864638918534327
478,2,21.179818,77.719986,1.2714145597210114,0.030568875326939842,120536,0.5765111182396577,0.38930316276677807
479,2,23.837085,91.148206,1.338035840732066,0.03289939539190588,177233,0.48263945516300943,0.38923715704632417
480,2,31.288389,75.479939,1.2281838980281077,0.03279224316374333,147858,0.49551916743785057,0.3589675359233635
481,2,30.330095,78.086889,1.4237334351311557,0.03801057970224137,191317,0.48872308692289007,0.40416730504060056
482,2,14.299709,78.758807,1.2224523160762943,0.040272479564032695,111976,0.5766937370628251,0.3687424775999643
483,2,23.742116,91.264981,1.350662089259441,0.04005231322543731,152372,0.5351869816221455,0.3915762294751281
484,2,30.966051,75.72554,1.2331151118385162,0.04260774686306601,133086,0.5290386860808955,0.3734294815076978
485,2,32.713936,75.010743,1.1424440807419531,0.032351336606655755,42755,0.8002830589064853,0.34944131410562507
486,2,22.452255,88.212127,1.1985086000435445,0.038972349227084695,104907,0.5849036880358136,0.364441416893733
487,2,19.23889,73.028563,1.2040427154843631,0.04189822382042062,125886,0.533031137602314,0.36298642533936654
488,2,21.147879,79.012037,1.4044502617801047,0.04602966841186736,179495,0.5024956660334191,0.4150196093658991
489,2,23.298384,77.521955,1.2509126573312266,0.029695417642892172,131279,0.5408673754777679,0.38416307330458643
490,2,28.659173,77.208688,1.1492643051771116,0.045231607629427795,63728,0.7019351028395336,0.349407302038881
491,2,19.098272,72.837283,1.2688869508339693,0.035484574294124056,176232,0.4593555239197375,0.3839347079037801
492,2,25.365241,86.940165,1.2073948846594318,0.037083492392430605,135221,0.5133023346807606,0.374102344067567
493,2,20.407319,85.620166,1.3296463793385278,0.0410287146515556,154189,0.5230935954500501,0.3977626618587117
494,2,23.92236,91.199746,1.151805653902718,0.03600413965902282,66642,0.6911856878234286,0.34737787865891145
495,2,23.367939,87.326346,1.4001743679163035,0.03530950305143853,191611,0.48015142361443963,0.42063275868778455
496,2,15.042639,76.920886,1.3841499972747588,0.04338583964680874,163618,0.5250589858335769,0.41778232792565756
497,2,30.455907,76.376347,1.1192590574775265,0.04260419504222283,34361,0.8330237624589922,0.3441713312241421
498,2,28.532054,77.186711,1.5001906421918405,0.0525627757503132,183014,0.530076477556531,0.41593145263769377
499,2,22.545335,88.534211,1.452518534670737,0.041757522895769734,186476,0.5070297458323688,0.4201005779479096
500,2,17.397378,78.186123,1.400665684509194,0.039613684727451304,181423,0.4977083196857378,0.4305636710685209
